8.4|COMMERCIAL CODE — BANK DEPOSITS AND COLLECTIONS|||1|GENERAL PROVISIONS AND DEFINITIONS|||||||§ 8.4-101|Short title.|<p>This title may be cited as Uniform Commercial Code -- Bank Deposits and Collections.</p><p>1964, c. 219; 1992, c. 693.</p>
8.4|COMMERCIAL CODE — BANK DEPOSITS AND COLLECTIONS|||1|GENERAL PROVISIONS AND DEFINITIONS|||||||§ 8.4-102|Applicability.|<p>(a) To the extent that items within this title are also within the scope of Titles 8.3A and 8.8A, they are subject to those titles. If there is conflict this title governs Title 8.3A but Title 8.8A governs this title.</p><p>(b) The liability of a bank for action or nonaction with respect to an item handled by it for purposes of presentment, payment or collection is governed by the law of the place where the bank is located. In the case of action or nonaction by or at a branch or separate office of a bank, its liability is governed by the law of the place where the branch or separate office is located.</p><p>1964, c. 219; 1992, c. 693.</p>
8.4|COMMERCIAL CODE — BANK DEPOSITS AND COLLECTIONS|||1|GENERAL PROVISIONS AND DEFINITIONS|||||||§ 8.4-103|Variation by agreement; measure of damages; action constituting ordinary care.|<p>(a) The effect of the provisions of this title may be varied by agreement but the parties to the agreement cannot disclaim a bank's responsibility for its lack of good faith or failure to exercise ordinary care or limit the measure of damages for the lack or failure. However, the parties may determine by agreement the standards by which the bank's responsibility is to be measured if those standards are not manifestly unreasonable.</p><p>(b) Federal reserve regulations and operating circulars, clearing house rules, and the like have the effect of agreements under subsection (a), whether or not specifically assented to by all parties interested in items handled.</p><p>(c) Action or nonaction approved by this title or pursuant to federal reserve regulations or operating circulars is the exercise of ordinary care and, in the absence of special instructions, action or nonaction consistent with clearing-house rules and the like or with a general banking usage not disapproved by this title, prima facie the exercise of ordinary care.</p><p>(d) The specification or approval of certain procedures by this title is not disapproval of other procedures that may be reasonable under the circumstances.</p><p>(e) The measure of damages for failure to exercise ordinary care in handling an item is the amount of the item reduced by an amount that could not have been realized by the exercise of ordinary care. If there is also bad faith it includes any other damages the party suffered as a proximate consequence.</p><p>1964, c. 219; 1992, c. 693.</p>
8.4|COMMERCIAL CODE — BANK DEPOSITS AND COLLECTIONS|||1|GENERAL PROVISIONS AND DEFINITIONS|||||||§ 8.4-104|Definitions and index of definitions.|<p>(a) In this title, unless the context otherwise requires:</p><p>(1) "Account" means any deposit or credit account with a bank including demand, time savings passbook, share draft, or like account, other than an account evidenced by a certificate of deposit;</p><p>(2) "Afternoon" means the period of a day between noon and midnight;</p><p>(3) "Banking day" means the part of a day on which a bank is open to the public for carrying on substantially all of its banking functions, but shall not include Saturday, Sunday or a legal holiday;</p><p>(4) "Clearing house" means an association of banks or other payors regularly clearing items;</p><p>(5) "Customer" means a person having an account with a bank or for whom a bank has agreed to collect items, including a bank that maintains an account at another bank;</p><p>(6) "Documentary draft" means any negotiable or nonnegotiable draft with accompanying documents, securities or other papers to be delivered against honor of the draft; or a draft to be presented for acceptance or payment if specified documents, certificated securities (§ <a href='http://law.lis.virginia.gov/vacode/8.8A-102/'>8.8A-102</a>) or instructions for uncertified securities (§ <a href='http://law.lis.virginia.gov/vacode/8.8A-102/'>8.8A-102</a>), or other certificates, statements, or the like are to be received by the drawee or other payor before acceptance or payment of the draft;</p><p>(7) "Draft" means a draft as defined in § <a href='http://law.lis.virginia.gov/vacode/8.3A-104/'>8.3A-104</a> or an item, other than an instrument, that is an order;</p><p>(8) "Drawee" means a person ordered in a draft to make payment;</p><p>(9) "Item" means an instrument or a promise or order to pay money handled by a bank for collection or payment. The term does not include a payment order governed by Article 4A or a credit or debit card slip;</p><p>(10) "Midnight deadline" with respect to a bank is midnight on its next banking day following the banking day on which it receives the relevant item or notice or from which the time for taking action commences to run, whichever is later;</p><p>(11) "Settle" means to pay in cash, by clearing-house settlement, in a charge or credit or by remittance, or otherwise as agreed. A settlement may be either provisional or final;</p><p>(12) "Suspends payments" with respect to a bank means that it has been closed by order of the supervisory authorities, that a public officer has been appointed to take it over or that it ceases or refuses to make payments in the ordinary course of business.</p><p>(b) Other definitions applying to this title and the sections in which they appear are:</p><p>"Agreement for electronic presentment"§ <a href='http://law.lis.virginia.gov/vacode/8.4-110/'>8.4-110</a>.</p><p>"Bank"§ <a href='http://law.lis.virginia.gov/vacode/8.4-105/'>8.4-105</a>.</p><p>"Collecting bank"§ <a href='http://law.lis.virginia.gov/vacode/8.4-105/'>8.4-105</a>.</p><p>"Depositary bank"§ <a href='http://law.lis.virginia.gov/vacode/8.4-105/'>8.4-105</a>.</p><p>"Intermediary bank"§ <a href='http://law.lis.virginia.gov/vacode/8.4-105/'>8.4-105</a>.</p><p>"Payor bank"§ <a href='http://law.lis.virginia.gov/vacode/8.4-105/'>8.4-105</a>.</p><p>"Presenting bank"§ <a href='http://law.lis.virginia.gov/vacode/8.4-105/'>8.4-105</a>.</p><p>"Presentment notice"§ <a href='http://law.lis.virginia.gov/vacode/8.4-110/'>8.4-110</a>.</p><p>(c) The following definitions in other titles apply to this title:</p><p>"Acceptance"§ <a href='http://law.lis.virginia.gov/vacode/8.3A-409/'>8.3A-409</a>.</p><p>"Alteration"§ <a href='http://law.lis.virginia.gov/vacode/8.3A-407/'>8.3A-407</a>.</p><p>"Cashier's check"§ <a href='http://law.lis.virginia.gov/vacode/8.3A-104/'>8.3A-104</a>.</p><p>"Certificate of deposit"§ <a href='http://law.lis.virginia.gov/vacode/8.3A-104/'>8.3A-104</a>.</p><p>"Certified check"§ <a href='http://law.lis.virginia.gov/vacode/8.3A-409/'>8.3A-409</a>.</p><p>"Check"§ <a href='http://law.lis.virginia.gov/vacode/8.3A-104/'>8.3A-104</a>.</p><p>"Control"§ <a href='http://law.lis.virginia.gov/vacode/8.7-106/'>8.7-106</a>.</p><p>"Draft"§ <a href='http://law.lis.virginia.gov/vacode/8.3A-104/'>8.3A-104</a>.</p><p>"Good faith"§ <a href='http://law.lis.virginia.gov/vacode/8.3A-103/'>8.3A-103</a>.</p><p>"Holder in due course"§ <a href='http://law.lis.virginia.gov/vacode/8.3A-302/'>8.3A-302</a>.</p><p>"Instrument"§ <a href='http://law.lis.virginia.gov/vacode/8.3A-104/'>8.3A-104</a>.</p><p>"Notice of dishonor"§ <a href='http://law.lis.virginia.gov/vacode/8.3A-503/'>8.3A-503</a>.</p><p>"Order"§ <a href='http://law.lis.virginia.gov/vacode/8.3A-103/'>8.3A-103</a>.</p><p>"Ordinary care"§ <a href='http://law.lis.virginia.gov/vacode/8.3A-103/'>8.3A-103</a>.</p><p>"Person entitled to enforce"§ <a href='http://law.lis.virginia.gov/vacode/8.3A-301/'>8.3A-301</a>.</p><p>"Presentment"§ <a href='http://law.lis.virginia.gov/vacode/8.3A-501/'>8.3A-501</a>.</p><p>"Promise"§ <a href='http://law.lis.virginia.gov/vacode/8.3A-103/'>8.3A-103</a>.</p><p>"Prove"§ <a href='http://law.lis.virginia.gov/vacode/8.3A-103/'>8.3A-103</a>.</p><p>"Teller's check"§ <a href='http://law.lis.virginia.gov/vacode/8.3A-104/'>8.3A-104</a>.</p><p>"Unauthorized signature"§ <a href='http://law.lis.virginia.gov/vacode/8.3A-403/'>8.3A-403</a>.</p><p>(d) In addition Title 8.1A contains general definitions and principles of construction and interpretation applicable throughout this title.</p><p>1964, c. 219; 1976, c. 118; 1992, c. 693; 1996, c. <a href='http://lis.virginia.gov/cgi-bin/legp604.exe?961+ful+CHAP0216'>216</a>; 2003, c. <a href='http://lis.virginia.gov/cgi-bin/legp604.exe?031+ful+CHAP0353'>353</a>; 2004, c. <a href='http://lis.virginia.gov/cgi-bin/legp604.exe?041+ful+CHAP0200'>200</a>.</p>
8.4|COMMERCIAL CODE — BANK DEPOSITS AND COLLECTIONS|||1|GENERAL PROVISIONS AND DEFINITIONS|||||||§ 8.4-105|"Bank"; "depositary bank"; "intermediary bank"; "collecting bank"; "payor bank"; "presenting bank.".|<p>In this title:</p><p>(1) "Bank" means a person engaged in the business of banking, including a savings institution, credit union or trust company;</p><p>(2) "Depositary bank" means the first bank to take an item even though it is also the payor bank, unless the item is presented for immediate payment over the counter;</p><p>(3) "Payor bank" means a bank that is the drawee of a draft;</p><p>(4) "Intermediary bank" means a bank to which an item is transferred in the course of collection except the depositary or payor bank;</p><p>(5) "Collecting bank" means a bank handling an item for collection except the payor bank;</p><p>(6) "Presenting bank" means a bank presenting an item except a payor bank.</p><p>1964, c. 219; 1992, c. 693; 2010, c. <a href='http://lis.virginia.gov/cgi-bin/legp604.exe?101+ful+CHAP0794'>794</a>.</p>
8.4|COMMERCIAL CODE — BANK DEPOSITS AND COLLECTIONS|||1|GENERAL PROVISIONS AND DEFINITIONS|||||||§ 8.4-105.1|Payable through or payable at bank; collecting bank.|<p>(a) If an item states that it is "payable through" a bank identified in the item, (i) the item designates the bank as a collecting bank and does not by itself authorize the bank to pay the item, and (ii) the item may be presented for payment only by or through the bank.</p><p>(b) If an item states that it is "payable at" a bank identified in the item, (i) the item designates that bank as a collecting bank and does not by itself authorize the bank to pay the item, and (ii) the item may be presented for payment only by or through the bank.</p><p>(c) If a draft names a nonbank drawee and it is unclear whether a bank named in the draft is a co-drawee or a collecting bank, the bank is a collecting bank.</p><p>Code 1950, § 6-440; 1964, c. 219; §§ 8.3-120, 8.3-121; 1992, c. 693.</p>
8.4|COMMERCIAL CODE — BANK DEPOSITS AND COLLECTIONS|||1|GENERAL PROVISIONS AND DEFINITIONS|||||||§ 8.4-106|Separate office of a bank.|<p>A branch or separate office of a bank is a separate bank for the purpose of computing the time within which and determining the place at or to which action may be taken or notices or orders must be given under this title and under Title 8.3A.</p><p>1964, c. 219; 1987, c. 180; 1992, c. 693.</p>
8.4|COMMERCIAL CODE — BANK DEPOSITS AND COLLECTIONS|||1|GENERAL PROVISIONS AND DEFINITIONS|||||||§ 8.4-107|Time of receipt of items.|<p>(a) For the purpose of allowing time to process items, prove balances and make the necessary entries on its books to determine its position for the day, a bank may fix an afternoon hour of 2 p.m. or later as a cutoff hour for the handling of money and items and the making of entries on its books.</p><p>(b) An item or deposit of money received on any day after a cutoff hour so fixed or after the close of the banking day may be treated as being received at the opening of the next banking day.</p><p>1964, c. 219; 1992, c. 693.</p>
8.4|COMMERCIAL CODE — BANK DEPOSITS AND COLLECTIONS|||1|GENERAL PROVISIONS AND DEFINITIONS|||||||§ 8.4-108|Delays.|<p>(a) Unless otherwise instructed, a collecting bank in a good faith effort to secure payment of a specific item drawn on a payor other than a bank, and with or without the approval of any person involved, may, waive, modify or extend time limits imposed or permitted by this title for a period not exceeding two additional banking days without discharge of drawers or endorsers or liability to its transferor or any prior party.</p><p>(b) Delay by a collecting bank or payor bank beyond time limits prescribed or permitted by this title or by instructions is excused if (i) the delay is caused by interruption of communication or computer facilities, suspension of payments by another bank, war, emergency conditions, failure of equipment or other circumstances beyond the control of the bank and (ii) the bank exercises such diligence as the circumstances require.</p><p>1964, c. 219; 1992, c. 693.</p>
8.4|COMMERCIAL CODE — BANK DEPOSITS AND COLLECTIONS|||1|GENERAL PROVISIONS AND DEFINITIONS|||||||§ 8.4-109|Repealed.|<p>Repealed by Acts 1992, c. 693, effective January 1, 1993.</p>
8.4|COMMERCIAL CODE — BANK DEPOSITS AND COLLECTIONS|||1|GENERAL PROVISIONS AND DEFINITIONS|||||||§ 8.4-110|Electronic presentment.|<p>(a) "Agreement for electronic presentment" means an agreement, clearing-house rule, or Federal Reserve regulation or operating circular, providing that presentment of an item may be made by transmission of an image of an item or information describing the item ("presentment notice") rather than delivery of the item itself. The agreement may provide for procedures governing retention, presentment, payment, dishonor, and other matters concerning items subject to the agreement.</p><p>(b) Presentment of an item pursuant to an agreement for presentment is made when the presentment notice is received.</p><p>(c) If presentment is made by presentment notice, a reference to "item" or "check" in this title means the presentment notice unless the context otherwise indicates.</p><p>1992, c. 693.</p>
8.4|COMMERCIAL CODE — BANK DEPOSITS AND COLLECTIONS|||1|GENERAL PROVISIONS AND DEFINITIONS|||||||§ 8.4-111|Statute of limitations.|<p>An action to enforce an obligation, duty, or right arising under this title must be commenced within three years after the cause of action accrues.</p><p>1992, c. 693.</p>
8.4|COMMERCIAL CODE — BANK DEPOSITS AND COLLECTIONS|||2|COLLECTION OF ITEMS: DEPOSITARY AND COLLECTING BANKS|||||||§ 8.4-201|Status of collecting bank as agent and provisional status of credits; applicability of title; item endorsed "pay any bank.".|<p>(a) Unless a contrary intent clearly appears and before the time that a settlement given by a collecting bank for an item is or becomes final, the bank, with respect to the item, is an agent or subagent of the owner of the item and any settlement given for the item is provisional. This provision applies regardless of the form of endorsement or lack of endorsement and even though credit given for the item is subject to immediate withdrawal as of right or is in fact withdrawn; but the continuance of ownership of an item by its owner and any rights of the owner to proceeds of the item are subject to rights of a collecting bank such as those resulting from outstanding advances on the item and rights of recoupment or setoff. If an item is handled by banks for purposes of presentment, payment, collection or return, the relevant provisions of this title apply even though action of the parties clearly establishes that a particular bank has purchased the item and is the owner of it.</p><p>(b) After an item has been endorsed with the words "pay any bank" or the like, only a bank may acquire the rights of a holder until the item has been:</p><p>(1) returned to the customer initiating collection; or</p><p>(2) specially endorsed by a bank to a person who is not a bank.</p><p>1964, c. 219; 1992, c. 693.</p>
8.4|COMMERCIAL CODE — BANK DEPOSITS AND COLLECTIONS|||2|COLLECTION OF ITEMS: DEPOSITARY AND COLLECTING BANKS|||||||§ 8.4-202|Responsibility for collection or return; when action timely.|<p>(a) A collecting bank must exercise ordinary care in:</p><p>(1) presenting an item or sending it for presentment;</p><p>(2) sending notice of dishonor or nonpayment or returning an item other than a documentary draft to the bank's transferor after learning that the item has not been paid or accepted, as the case may be;</p><p>(3) settling for an item when the bank receives final settlement; and</p><p>(4) notifying its transferor of any loss or delay in transit within a reasonable time after discovery thereof.</p><p>(b) A collecting bank exercises ordinary care under subsection (a) by taking proper action before its midnight deadline following receipt of an item, notice, or settlement. Taking proper action within a reasonably longer time may constitute the exercise of ordinary care, but the bank has the burden of establishing timeliness.</p><p>(c) Subject to subsection (a) (1), a bank is not liable for the insolvency, neglect, misconduct, mistake or default of another bank or person or for loss or destruction of an item in the possession of others or in transit.</p><p>Code 1950, § 6-63; 1964, c. 219; 1992, c. 693.</p>
8.4|COMMERCIAL CODE — BANK DEPOSITS AND COLLECTIONS|||2|COLLECTION OF ITEMS: DEPOSITARY AND COLLECTING BANKS|||||||§ 8.4-203|Effect of instructions.|<p>Subject to Title 8.3A concerning conversion of instruments (§ <a href='http://law.lis.virginia.gov/vacode/8.3A-420/'>8.3A-420</a>) and restrictive endorsements (§ <a href='http://law.lis.virginia.gov/vacode/8.3A-206/'>8.3A-206</a>), only a collecting bank's transferor can give instructions that affect the bank or constitute notice to it, and a collecting bank is not liable to prior parties for any action taken pursuant to the instructions or in accordance with any agreement with its transferor.</p><p>1964, c. 219; 1992, c. 693.</p>
8.4|COMMERCIAL CODE — BANK DEPOSITS AND COLLECTIONS|||2|COLLECTION OF ITEMS: DEPOSITARY AND COLLECTING BANKS|||||||§ 8.4-204|Methods of sending and presenting; sending directly to payor bank.|<p>(a) A collecting bank shall send items by a reasonably prompt method, taking into consideration relevant instructions, the nature of the item, the number of those items on hand, the cost of collection involved and the method generally used by it or others to present those items.</p><p>(b) A collecting bank may send:</p><p>(1) an item directly to the payor bank;</p><p>(2) an item to a nonbank payor if authorized by its transferor; and</p><p>(3) an item other than documentary drafts to a nonbank payor, if authorized by federal reserve regulation or operating circular, clearing-house rule, or the like.</p><p>(c) Presentment may be made by a presenting bank at a place where the payor bank or other payor has requested that presentment be made.</p><p>Code 1950, § 6-63; 1964, c. 219; 1992, c. 693.</p>
8.4|COMMERCIAL CODE — BANK DEPOSITS AND COLLECTIONS|||2|COLLECTION OF ITEMS: DEPOSITARY AND COLLECTING BANKS|||||||§ 8.4-205|Repealed.|<p>Repealed by Acts 1992, c. 693, effective January 1, 1993.</p>
8.4|COMMERCIAL CODE — BANK DEPOSITS AND COLLECTIONS|||2|COLLECTION OF ITEMS: DEPOSITARY AND COLLECTING BANKS|||||||§ 8.4-205.1|Depositary bank holder of unendorsed item.|<p>If a customer delivers an item to a depositary bank for collection:</p><p>(1) the depositary bank becomes a holder of the item at the time it receives the item for collection if the customer at the time of the delivery was a holder of the item, whether or not the customer endorses the item, and, if the bank satisfies the other requirements of § <a href='http://law.lis.virginia.gov/vacode/8.3A-302/'>8.3A-302</a>, it is a holder in due course; and</p><p>(2) the depositary bank warrants to collecting banks, the payor bank or other payor, and the drawer that the amount of the item was paid to the customer or deposited to the customer's account.</p><p>1992, c. 693.</p>
8.4|COMMERCIAL CODE — BANK DEPOSITS AND COLLECTIONS|||2|COLLECTION OF ITEMS: DEPOSITARY AND COLLECTING BANKS|||||||§ 8.4-206|Transfer between banks.|<p>Any agreed method that identifies the transferor bank is sufficient for the item's further transfer to another bank.</p><p>1964, c. 219; 1992, c. 693.</p>
8.4|COMMERCIAL CODE — BANK DEPOSITS AND COLLECTIONS|||2|COLLECTION OF ITEMS: DEPOSITARY AND COLLECTING BANKS|||||||§ 8.4-207|Repealed.|<p>Repealed by Acts 1992, c. 693, effective January 1, 1993.</p>
8.4|COMMERCIAL CODE — BANK DEPOSITS AND COLLECTIONS|||2|COLLECTION OF ITEMS: DEPOSITARY AND COLLECTING BANKS|||||||§ 8.4-207.1|Transfer warranties.|<p>(a) A customer or collecting bank that transfers an item and receives a settlement or other consideration warrants to the transferee and to any subsequent collecting bank that:</p><p>(1) the warrantor is a person entitled to enforce the item;</p><p>(2) all signatures on the item are authentic and authorized;</p><p>(3) the item has not been altered;</p><p>(4) the item is not subject to a defense or claim in recoupment (§ <a href='http://law.lis.virginia.gov/vacode/8.3A-305/'>8.3A-305</a> (a) ) of any party that can be asserted against the warrantor; and</p><p>(5) the warrantor has no knowledge of any insolvency proceeding commenced with respect to the maker or acceptor or, in the case of an unaccepted draft, the drawer.</p><p>(b) If an item is dishonored, a customer or collecting bank transferring the item and receiving settlement or other consideration is obliged to pay the amount due on the item (i) according to the terms of the item at the time it was transferred, or (ii) if the transfer was of an incomplete item, according to its terms when completed as stated in §§ <a href='http://law.lis.virginia.gov/vacode/8.3A-115/'>8.3A-115</a> and <a href='http://law.lis.virginia.gov/vacode/8.3A-407/'>8.3A-407</a>. The obligation of a transferor is owed to the transferee and to any subsequent collecting bank that takes the item in good faith. A transferor cannot disclaim its obligation under this subsection by an endorsement stating that it is made "without recourse" or otherwise disclaiming liability.</p><p>(c) A person to whom the warranties under subsection (a) are made and who took the item in good faith may recover from the warrantor as damages for breach of warranty an amount equal to the loss suffered as a result of the breach, but not more than the amount of the item plus expenses and loss of interest incurred as a result of the breach.</p><p>(d) The warranties stated in subsection (a) cannot be disclaimed with respect to checks. Unless notice of a claim for breach of warranty is given to the warrantor within thirty days after the claimant has reason to know of the breach and the identity of the warrantor, the warrantor is discharged to the extent of any loss caused by the delay in giving notice of the claim.</p><p>(e) A cause of action for breach of warranty under this section accrues when the claimant has reason to know of the breach.</p><p>1992, c. 693.</p>
8.4|COMMERCIAL CODE — BANK DEPOSITS AND COLLECTIONS|||2|COLLECTION OF ITEMS: DEPOSITARY AND COLLECTING BANKS|||||||§ 8.4-207.2|Presentment warranties.|<p>(a) If an unaccepted draft is presented to the drawee for payment or acceptance and the drawee pays or accepts the draft, (i) the person obtaining payment or acceptance, at the time of presentment, and (ii) a previous transferor of the draft, at the time of transfer, warrant to the drawee that pays or accepts the draft in good faith that:</p><p>(1) the warrantor is, or was, at the time the warrantor transferred the draft, a person entitled to enforce the draft or authorized to obtain payment or acceptance of the draft on behalf of a person entitled to enforce the draft;</p><p>(2) the draft has not been altered; and</p><p>(3) the warrantor has no knowledge that the signature of the purported drawer of the draft is unauthorized.</p><p>(b) A drawee making payment may recover from a warrantor damages for breach of warranty equal to the amount paid by the drawee less the amount the drawee received or is entitled to receive from the drawer because of the payment. In addition, the drawee is entitled to compensation for expenses and a loss of interest resulting from the breach. The right of the drawee to recover damages under this subsection is not affected by any failure of the drawee to exercise ordinary care in making payment. If the drawee accepts the draft (i) breach of warranty is a defense to the obligation of the acceptor, and (ii) if the acceptor makes payment with respect to the draft, the acceptor is entitled to recover from a warrantor for breach of warranty the amounts stated in this subsection.</p><p>(c) If a drawee asserts a claim for breach of warranty under subsection (a) based on an unauthorized endorsement of the draft or an alteration of the draft, the warrantor may defend by proving that the endorsement is effective under § <a href='http://law.lis.virginia.gov/vacode/8.3A-404/'>8.3A-404</a> or § <a href='http://law.lis.virginia.gov/vacode/8.3A-405/'>8.3A-405</a> or the drawer is precluded under § <a href='http://law.lis.virginia.gov/vacode/8.3A-406/'>8.3A-406</a> or § <a href='http://law.lis.virginia.gov/vacode/8.4-406/'>8.4-406</a> from asserting against the drawee the unauthorized endorsement or alteration.</p><p>(d) If (i) a dishonored draft is presented for payment to the drawer or an endorser or (ii) any other item is presented for payment to a party obliged to pay the item, and the item is paid, the person obtaining payment and a prior transferor of the item warrant to the person making payment in good faith that the warrantor is, or was, at the time the warrantor transferred the item, a person entitled to enforce the item or authorized to obtain payment on behalf of a person entitled to enforce the item. The person making payment may recover from any warrantor for breach of warranty an amount equal to the amount paid plus expenses and loss of interest resulting from the breach.</p><p>(e) The warranties stated in subsections (a) and (d) cannot be disclaimed with respect to checks. Unless notice of a claim for breach of warranty is given to the warrantor within thirty days after the claimant has reason to know of the breach and the identity of the warrantor, the warrantor is discharged to the extent of any loss caused by the delay in giving notice of the claim.</p><p>(f) A cause of action for breach of warranty under this section accrues when the claimant has reason to know of the breach.</p><p>1992, c. 693.</p>
8.4|COMMERCIAL CODE — BANK DEPOSITS AND COLLECTIONS|||2|COLLECTION OF ITEMS: DEPOSITARY AND COLLECTING BANKS|||||||§ 8.4-207.3|Encoding and retention warranties.|<p>(a) A person who encodes information on or with respect to an item after issue warrants to any subsequent collecting bank and to the payor bank or other payor that the information is correctly encoded. If the customer of a depositary bank encodes, that bank also makes the warranty.</p><p>(b) A person who undertakes to retain an item pursuant to an agreement for electric presentment warrants to any subsequent collecting bank and to the payor bank or other payor that retention and presentment of the item comply with the agreement. If a customer of a depositary bank undertakes to retain an item, that bank also makes this warranty.</p><p>(c) A person to whom warranties are made under this section and who took the item in good faith may recover from the warrantor as damages for breach of warranty an amount equal to the loss suffered as a result of the breach, plus expenses and loss of interest incurred as a result of the breach.</p><p>1992, c. 693.</p>
8.4|COMMERCIAL CODE — BANK DEPOSITS AND COLLECTIONS|||2|COLLECTION OF ITEMS: DEPOSITARY AND COLLECTING BANKS|||||||§ 8.4-208|Security interest of collecting bank in items, accompanying documents and proceeds.|<p>(a) A collecting bank has a security interest in an item and any accompanying documents or the proceeds of either:</p><p>(1) in case of an item deposited in an account to the extent to which credit given for the item has been withdrawn or applied;</p><p>(2) in case of an item for which it has given credit available for withdrawal as of right, to the extent of the credit given, whether or not the credit is drawn upon or there is a right of charge-back; or</p><p>(3) if it makes an advance on or against the item.</p><p>(b) If credit given for several items received at one time or pursuant to a single agreement is withdrawn or applied in part, the security interest remains upon all the items, any accompanying documents or the proceeds of either. For the purpose of this section, credits first given are first withdrawn.</p><p>(c) Receipt by a collecting bank of a final settlement for an item is a realization on its security interest in the item, accompanying documents and proceeds. So long as the bank does not receive final settlement for the item or give up possession of the item or possession or control of accompanying documents for purposes other than collection, the security interest continues to that extent and is subject to Title 8.9A but:</p><p>(1) no security agreement is necessary to make the security interest enforceable (subdivision (b) (3) (A) of § <a href='http://law.lis.virginia.gov/vacode/8.9A-203/'>8.9A-203</a>); and</p><p>(2) no filing is required to perfect the security interest; and</p><p>(3) the security interest has priority over conflicting perfected security interests in the item, accompanying documents or proceeds.</p><p>1964, c. 219; 1992, c. 693; 2000, c. <a href='http://lis.virginia.gov/cgi-bin/legp604.exe?001+ful+CHAP1007'>1007</a>; 2004, c. <a href='http://lis.virginia.gov/cgi-bin/legp604.exe?041+ful+CHAP0200'>200</a>.</p>
8.4|COMMERCIAL CODE — BANK DEPOSITS AND COLLECTIONS|||2|COLLECTION OF ITEMS: DEPOSITARY AND COLLECTING BANKS|||||||§ 8.4-209|When bank gives value for purposes of holder in due course.|<p>For purposes of determining its status as a holder in due course, a bank has given value to the extent it has a security interest in an item, if the bank otherwise complies with the requirements of § <a href='http://law.lis.virginia.gov/vacode/8.3A-302/'>8.3A-302</a> on what constitutes a holder in due course.</p><p>Code 1950, §§ 6-378, 6-379; 1964, c. 219; 1992, c. 693.</p>
8.4|COMMERCIAL CODE — BANK DEPOSITS AND COLLECTIONS|||2|COLLECTION OF ITEMS: DEPOSITARY AND COLLECTING BANKS|||||||§ 8.4-210|Presentment by notice of item not payable by, through or at a bank; liability of drawer or endorser.|<p>(a) Unless otherwise instructed, a collecting bank may present an item not payable by, through or at a bank by sending to the party to accept or pay a written notice that the bank holds the item for acceptance or payment. The notice must be sent in time to be received on or before the day when presentment is due and the bank must meet any requirement of the party to accept or pay under § <a href='http://law.lis.virginia.gov/vacode/8.3A-501/'>8.3A-501</a> by the close of the bank's next banking day after it knows of the requirement.</p><p>(b) If presentment is made by notice and payment, acceptance or request for compliance with a requirement under § <a href='http://law.lis.virginia.gov/vacode/8.3A-501/'>8.3A-501</a> is not received by the close of business on the day after maturity or in the case of demand items by the close of business on the third banking day after notice was sent, the presenting bank may treat the item as dishonored and charge any drawer or endorser by sending it notice of the facts.</p><p>1964, c. 219; 1992, c. 693.</p>
8.4|COMMERCIAL CODE — BANK DEPOSITS AND COLLECTIONS|||2|COLLECTION OF ITEMS: DEPOSITARY AND COLLECTING BANKS|||||||§ 8.4-211|Repealed.|<p>Repealed by Acts 1992, c. 693, effective January 1, 1993.</p>
8.4|COMMERCIAL CODE — BANK DEPOSITS AND COLLECTIONS|||2|COLLECTION OF ITEMS: DEPOSITARY AND COLLECTING BANKS|||||||§ 8.4-211.1|Medium and time of settlement by bank.|<p>(a) With respect to settlement by a bank, the medium and time of settlement may be prescribed by Federal Reserve regulations or circulars, clearing-house rules, and the like, or agreement. In the absence of such prescription:</p><p>(1) the medium of settlement is cash or credit to an account in a Federal Reserve bank of or specified by the person to receive settlement; and</p><p>(2) the time of settlement, is:</p><p>(i) with respect to tender of settlement by cash, a cashier's check, or teller's check, when the cash or check is sent or delivered;</p><p>(ii) with respect to tender of settlement by credit in an account in a Federal Reserve Bank, when the credit is made;</p><p>(iii) with respect to tender of settlement by a credit or debit to an account in a bank, when the credit or debit is made or, in the case of tender of settlement by authority to charge an account, when the authority is sent or delivered; or</p><p>(iv) with respect to tender of settlement by a funds transfer, when payment is made pursuant to § <a href='http://law.lis.virginia.gov/vacode/8.4A-406/'>8.4A-406</a> (a) to the person receiving settlement.</p><p>(b) If the tender of settlement is not by a medium authorized by subsection (a) or the time of settlement is not fixed by subsection (a), no settlement occurs until the tender of settlement is accepted by the person receiving settlement.</p><p>(c) If settlement for an item is made by cashier's check or teller's check and the person receiving settlement, before its midnight deadline:</p><p>(1) presents or forwards the check for collection, settlement is final when the check is finally paid; or</p><p>(2) fails to present or forward the check for collection, settlement is final at the midnight deadline of the person receiving settlement.</p><p>(d) If settlement for an item is made by giving authority to charge the account of the bank giving settlement in the bank receiving settlement, settlement is final when the charge is made by the bank receiving settlement if there are funds available in the account for the amount of the item.</p><p>1992, c. 693.</p>
8.4|COMMERCIAL CODE — BANK DEPOSITS AND COLLECTIONS|||2|COLLECTION OF ITEMS: DEPOSITARY AND COLLECTING BANKS|||||||§ 8.4-212|Right of charge-back or refund; liability of collecting banks; return of item.|<p>(a) If a collecting bank has made provisional settlement with its customer for an item and fails by reason of dishonor, suspension of payments by a bank or otherwise to receive a settlement for the item which is or becomes final, the bank may revoke the settlement given by it, charge-back the amount of any credit given for the item to its customer's account or obtain refund from its customer, whether or not it is able to return the item, if by its midnight deadline or within a longer reasonable time after it learns the facts it returns the item or sends notification of the facts. If the return or notice is delayed beyond the bank's midnight deadline or a longer reasonable time after it learns the facts, the bank may revoke the settlement, charge-back the credit or obtain a refund from its customer, but it is liable for any loss resulting from the delay. These rights to revoke, charge-back and obtain refund terminate if and when a settlement for the item received by the bank is or becomes final.</p><p>(b) A collecting bank returns an item when it is sent or delivered to the bank's customer or transferor or pursuant to its instructions.</p><p>(c) A depositary bank that is also the payor may charge-back the amount of an item to its customer's account or obtain refund in accordance with the section governing return of an item received by a payor bank for credit on its books (§ <a href='http://law.lis.virginia.gov/vacode/8.4-301/'>8.4-301</a>).</p><p>(d) The right to charge-back is not affected by:</p><p>(1) previous use of a credit given for the item; or</p><p>(2) failure by any bank to exercise ordinary care with respect to the item but any bank so failing remains liable.</p><p>(e) A failure to charge-back or claim refund does not affect other rights of the bank against the customer or any other party.</p><p>(f) If credit is given in dollars as the equivalent of the value of an item payable in a foreign money the dollar amount of any charge-back or refund shall be calculated on the basis of the bank-offered spot rate for the foreign money prevailing on the day when the person entitled to the charge-back or refund learns that it will not receive payment in ordinary course.</p><p>1964, c. 219; 1992, c. 693.</p>
8.4|COMMERCIAL CODE — BANK DEPOSITS AND COLLECTIONS|||2|COLLECTION OF ITEMS: DEPOSITARY AND COLLECTING BANKS|||||||§ 8.4-213|Final payment of item by payor bank; when provisional debits and credits become final; when certain credits become available for withdrawal.|<p>(a) An item is finally paid by a payor bank when the bank has first done any of the following:</p><p>(1) paid the item in cash;</p><p>(2) settled for the item without having a right to revoke the settlement under statute, clearing-house rule, or agreement; or</p><p>(3) made a provisional settlement for the item and failed to revoke the settlement in the time and manner permitted by statute, clearing-house rule or agreement.</p><p>(b) If provisional settlement for an item does not become final, the item is not finally paid.</p><p>(c) If provisional settlement for an item between the presenting and payor banks is made through a clearing house or by debits or credits in an account between them, then to the extent that provisional debits or credits for the item are entered in accounts between the presenting and payor banks or between the presenting and successive prior collecting banks seriatim, they become final upon final payment of the item by the payor bank.</p><p>(d) If a collecting bank receives a settlement for an item which is or becomes final the bank is accountable to its customer for the amount of the item and any provisional credit given for the item in an account with its customer becomes final.</p><p>(e) Subject to (i) applicable law stating a time for availability of funds and (ii) any right of the bank to apply the credit to an obligation of the customer, credit given by a bank for an item in a customer's account becomes available for withdrawal as of right:</p><p>(1) if the bank has received a provisional settlement for the item, when the settlement becomes final and the bank has had a reasonable time to receive return of the item and the item has not been received within that time;</p><p>(2) if the bank is both the depositary bank and the payor bank, and the item is finally paid, at the opening of the bank's second banking day following receipt of the item.</p><p>(f) Subject to applicable law stating a time for availability of funds and any right of a bank to apply a deposit to an obligation of the depositor, a deposit of money becomes available for withdrawal as of right at the opening of the bank's next banking day after receipt of the deposit.</p><p>1964, c. 219; 1992, c. 693.</p>
8.4|COMMERCIAL CODE — BANK DEPOSITS AND COLLECTIONS|||2|COLLECTION OF ITEMS: DEPOSITARY AND COLLECTING BANKS|||||||§ 8.4-214|Insolvency and preference.|<p>(a) If an item is in or comes into the possession of a payor or collecting bank that suspends payment and the item has not been finally paid, the item must be returned by the receiver, trustee, or agent in charge of the closed bank to the presenting bank or the closed bank's customer.</p><p>(b) If a payor bank finally pays an item and suspends payments without making a settlement for the item with its customer or the presenting bank which settlement is or becomes final, the owner of the item has a preferred claim against the payor bank.</p><p>(c) If a payor bank gives or a collecting bank gives or receives a provisional settlement for an item and thereafter suspends payments, the suspension does not prevent or interfere with the settlement's becoming final if the finality occurs automatically upon the lapse of certain time or the happening of certain events.</p><p>(d) If a collecting bank receives from subsequent parties settlement for an item which settlement is or becomes final and the bank suspends payments without making a settlement for the item with its customer which settlement is or becomes final, the owner of the item has a preferred claim against the collecting bank.</p><p>Code 1950, § 6-63; 1964, c. 219; 1992, c. 693.</p>
8.4|COMMERCIAL CODE — BANK DEPOSITS AND COLLECTIONS|||3|COLLECTION OF ITEMS: PAYOR BANKS|||||||§ 8.4-301|Deferred posting; recovery of payment by return of items; time of dishonor; return of items by payor bank.|<p>(a) If a payor bank settles for a demand item other than a documentary draft presented otherwise than for immediate payment over the counter before midnight of the banking day of receipt the payor bank may revoke the settlement and recover the settlement if, before it has made final payment and before its midnight deadline, it</p><p>(1) returns the item; or</p><p>(2) sends written notice of dishonor or nonpayment if the item is unavailable for return.</p><p>(b) If a demand item is received by a payor bank for credit on its books, it may return the item or send notice of dishonor and may revoke any credit given or recover the amount thereof withdrawn by its customer, if it acts within the time limit and in the manner specified in subsection (a).</p><p>(c) Unless previous notice of dishonor has been sent, an item is dishonored at the time when for purposes of dishonor it is returned or notice sent in accordance with this section.</p><p>(d) An item is returned:</p><p>(1) as to an item presented through a clearing house, when it is delivered to the presenting or last collecting bank or to the clearing house or is sent or delivered in accordance with clearing-house rules; or</p><p>(2) in all other cases, when it is sent or delivered to the bank's customer or transferor or pursuant to his instructions.</p><p>Code 1950, §§ 6-543.1 to 6-543.3, pp. 60, 61; 1964, c. 219; 1992, c. 693.</p>
8.4|COMMERCIAL CODE — BANK DEPOSITS AND COLLECTIONS|||3|COLLECTION OF ITEMS: PAYOR BANKS|||||||§ 8.4-302|Payor bank's responsibility for late return of item.|<p>(a) If an item is presented and received by a payor bank, the bank is accountable for the amount to:</p><p>(1) a demand item, other than a documentary draft, whether properly payable or not if the bank, in any case where it is not also the depositary bank, retains the item beyond midnight of the banking day of receipt without settling for it or, regardless of whether it is also the depositary bank, does not pay or return the item or send notice of dishonor until after its midnight deadline; or</p><p>(2) any other properly payable item unless, within the time allowed for acceptance or payment of that item, the bank either accepts or pays the item or returns it and accompanying documents.</p><p>(b) The liability of a payor bank to pay an item pursuant to subsection (a) is subject to defenses based on breach of a presentment warranty (§ <a href='http://law.lis.virginia.gov/vacode/8.4-207.2/'>8.4-207.2</a>) or proof that the person seeking enforcement of the liability presented or transferred the item for the purpose of defrauding the payor bank.</p><p>Code 1950, §§ 6-543.1 to 6-543.3, pp. 60, 61; 1964, c. 219; 1992, c. 693.</p>
8.4|COMMERCIAL CODE — BANK DEPOSITS AND COLLECTIONS|||3|COLLECTION OF ITEMS: PAYOR BANKS|||||||§ 8.4-303|When items subject to notice, stop-payment order, legal process or setoff; order in which items may be charged or certified.|<p>(a) Any knowledge, notice or stop-payment order received by, legal process served upon, or setoff exercised by a payor bank, comes too late to terminate, suspend or modify the bank's right or duty to pay an item or to charge its customer's account for the item if the knowledge, notice, stop-payment order or legal process is received or served and a reasonable time for the bank to act thereon expires or the setoff is exercised after the earliest of the following:</p><p>(1) the bank accepts or certifies the item;</p><p>(2) the bank pays the item in cash;</p><p>(3) the bank settles for the item without having a right to revoke the settlement under statute, clearing-house rule or agreement;</p><p>(4) the bank becomes accountable for the amount of the item under § <a href='http://law.lis.virginia.gov/vacode/8.4-302/'>8.4-302</a> dealing with the payor bank's responsibility for late return of items; or</p><p>(5) with respect to checks, a cut-off hour no earlier than one hour after the opening of the next banking day after the banking day on which the bank received the check and no later than the close of that next banking day or, if no cut-off hour is fixed, the close of the next business day after the banking day on which the bank received the check.</p><p>(b) Subject to subsection (a) items may be accepted, paid, certified or charged to the indicated account of its customer in any order convenient to the bank.</p><p>1964, c. 219; 1992, c. 693.</p>
8.4|COMMERCIAL CODE — BANK DEPOSITS AND COLLECTIONS|||4|RELATIONSHIP BETWEEN PAYOR BANK AND ITS CUSTOMER|||||||§ 8.4-401|When bank may charge customer's account.|<p>(a) A bank may charge against the account of a customer an item that is properly payable from that account even though the charge creates an overdraft. An item is properly payable if it is authorized by the customer and is in accordance with any agreement between the customer and the bank.</p><p>(b) A customer is not liable for the amount of an overdraft if the customer neither signed the item nor benefited from the proceeds of the item.</p><p>(c) A bank may charge against the account of a customer a check that is otherwise properly payable from the account, even though payment was made before the date of the check, unless the customer has given notice to the bank of the postdating describing the check with reasonable certainty. The notice is effective for the period stated in § <a href='http://law.lis.virginia.gov/vacode/8.4-403/'>8.4-403</a> (b) for stop-payment orders, and must be received at such time and in such manner as to afford the bank a reasonable opportunity to act on it before the bank takes any action with respect to the check described in § <a href='http://law.lis.virginia.gov/vacode/8.4-303/'>8.4-303</a>. If a bank charges against the account of a customer a check before the date stated in the notice of postdating, the bank is liable for damages for the loss resulting from its act. The loss may include damages for dishonor of subsequent items under § <a href='http://law.lis.virginia.gov/vacode/8.4-402/'>8.4-402</a>.</p><p>(d) A bank that in good faith makes payment to a holder may charge the indicated account of its customer according to:</p><p>(1) the original terms of the altered item; or</p><p>(2) the terms of the completed item, even though the bank knows the item has been completed unless the bank has notice that the completion was improper.</p><p>1964, c. 219; 1992, c. 693.</p>
8.4|COMMERCIAL CODE — BANK DEPOSITS AND COLLECTIONS|||4|RELATIONSHIP BETWEEN PAYOR BANK AND ITS CUSTOMER|||||||§ 8.4-402|Bank's liability to customer for wrongful dishonor; time of determining insufficiency of account.|<p>(a) Except as otherwise provided in this title, a payor bank wrongfully dishonors an item if it dishonors an item that is properly payable, but a bank may dishonor an item that would create an overdraft unless it has agreed to pay the overdraft.</p><p>(b) A payor bank is liable to its customer for damages proximately caused by the wrongful dishonor of an item. Liability is limited to actual damages proved and may include damages for an arrest or prosecution of the customer or other consequential damages. Whether any consequential damages are proximately caused by the wrongful dishonor is a question of fact to be determined in each case.</p><p>(c) A payor bank's determination of the customer's account balance on which a decision to dishonor for insufficiency of available funds is based may be made at any time between the time the item is received by the payor bank and the time that the payor bank returns the item or gives notice in lieu of return, and no more than one determination need be made. If, at the election of the payor bank, a subsequent balance determination is made for the purpose of reevaluating the bank's decision to dishonor the item, the account balance at the time is determinative of whether a dishonor for insufficiency of available funds is wrongful.</p><p>Code 1950, § 6-71; 1964, c. 219; 1992, c. 693.</p>
8.4|COMMERCIAL CODE — BANK DEPOSITS AND COLLECTIONS|||4|RELATIONSHIP BETWEEN PAYOR BANK AND ITS CUSTOMER|||||||§ 8.4-403|Customer's right to stop payment; burden of proof of loss.|<p>(a) A customer or any person authorized to draw on the account if there is more than one person may stop payment of any item drawn on the customer's account or close the account by an order to the bank describing the item or account with reasonable certainty received at a time and in a manner that affords the bank a reasonable opportunity to act on it before any action by the bank with respect to the item described in § <a href='http://law.lis.virginia.gov/vacode/8.4-303/'>8.4-303</a>. If the signature of more than one person is required to draw on an account, any of these persons may stop payment or close the account.</p><p>(b) A stop-payment order is effective for six months, but it lapses after fourteen calendar days if the original order was oral and was not confirmed in writing within that period. A stop-payment order may be renewed for additional six-month periods by a writing given to the bank within a period during which the stop-payment order is effective.</p><p>(c) The burden of establishing the fact and amount of loss resulting from the payment of an item contrary to a stop-payment order or order to close an account is on the customer. The loss from payment of an item contrary to a stop-payment order may include damages for dishonor of subsequent items under § <a href='http://law.lis.virginia.gov/vacode/8.4-402/'>8.4-402</a>.</p><p>Code 1950, § 6-73; 1964, c. 219; 1992, c. 693.</p>
8.4|COMMERCIAL CODE — BANK DEPOSITS AND COLLECTIONS|||4|RELATIONSHIP BETWEEN PAYOR BANK AND ITS CUSTOMER|||||||§ 8.4-404|Bank not obligated to pay check more than six months old.|<p>A bank is under no obligation to a customer having a checking account to pay a check, other than a certified check, which is presented more than six months after its date, but it may charge its customer's account for a payment made thereafter in good faith.</p><p>Code 1950, § 6-72; 1964, c. 219.</p>
8.4|COMMERCIAL CODE — BANK DEPOSITS AND COLLECTIONS|||4|RELATIONSHIP BETWEEN PAYOR BANK AND ITS CUSTOMER|||||||§ 8.4-405|Death or incompetence of customer.|<p>(a) A payor or collecting bank's authority to accept, pay or collect an item or to account for proceeds of its collection if otherwise effective is not rendered ineffective by the incapacity of a customer of either bank existing at the time the item is issued or its collection is undertaken if the bank does not know of an adjudication of incapacity. Neither death nor incapacity of a customer revokes the authority to accept, pay, collect or account until the bank knows of the fact of death or of an adjudication of incapacity and has reasonable opportunity to act on it.</p><p>(b) Even with knowledge a bank may for ten days after the date of death pay or certify checks drawn on or before that date unless ordered to stop payment by a person claiming an interest in the account.</p><p>Code 1950, § 6-540; 1964, c. 219; 1992, c. 693; 1997, c. <a href='http://lis.virginia.gov/cgi-bin/legp604.exe?971+ful+CHAP0801'>801</a>.</p>
8.4|COMMERCIAL CODE — BANK DEPOSITS AND COLLECTIONS|||4|RELATIONSHIP BETWEEN PAYOR BANK AND ITS CUSTOMER|||||||§ 8.4-406|Customer's duty to discover and report unauthorized signature or alteration.|<p>(a) A bank that sends or makes available to a customer a statement of account showing payment of items for the account shall either return or make available to the customer the items paid or provide information in the statement of account sufficient to allow the customer reasonably to identify the items paid. The statement of account provides sufficient information if the item is described by item number, amount, and date of payment.</p><p>(b) If the items are not returned to the customer, the person retaining the items shall either retain the items or, if the items are destroyed, maintain the capacity to furnish legible copies of the items until the expiration of seven years after receipt of the items. A customer may request an item from the bank that paid the item, and the bank must provide in a reasonable time either the item or, if the item has been destroyed or is not otherwise obtainable, a legible copy of the item.</p><p>(c) If a bank sends or makes available a statement of account or items pursuant to subsection (a), the customer must exercise reasonable promptness in examining the statement or the items to determine whether any payment was not authorized because of an alteration of an item or because a purported signature by or on behalf of the customer was not authorized. If, based on the statement or items provided, the customer should reasonably have discovered the unauthorized payment, the customer must promptly notify the bank of the relevant facts.</p><p>(d) If the bank proves that the customer failed with respect to an item to comply with the duties imposed on the customer by subsection (c) the customer is precluded from asserting against the bank:</p><p>(1) the customer's unauthorized signature or any alteration on the item, if the bank also proves that it suffered a loss by reason of the failure; and</p><p>(2) the customer's unauthorized signature or alteration by the same wrongdoer on any other item paid in good faith by the bank if the payment was made before the bank received notice from the customer of the unauthorized signature or alteration and after the customer had been afforded a reasonable period of time, not exceeding thirty days, in which to examine the item or statement of account and notify the bank.</p><p>(e) If subsection (d) applies and the customer proves that the bank failed to exercise ordinary care in paying the item and that the failure substantially contributed to loss, the loss is allocated between the customer precluded and the bank asserting the preclusion according to the extent to which the failure of the customer to comply with subsection (c) and the failure of the bank to exercise ordinary care contributed to the loss. If the customer proves that the bank did not pay an item in good faith, the preclusion under subsection (d) does not apply.</p><p>(f) Without regard to care or lack of care of either the customer or the bank, a customer who does not within one year after the statement or items are made available to the customer (subsection (a)) discover and report the customer's unauthorized signature on or any alteration on the item is precluded from asserting against the bank the unauthorized signature or alteration. If there is a preclusion under this subsection, the payor bank may not recover for breach of warranty under § <a href='http://law.lis.virginia.gov/vacode/8.4-207.2/'>8.4-207.2</a> with respect to the unauthorized signature or alteration to which the preclusion applies.</p><p>Code 1950, §§ 6-74, 6-75; 1964, c. 219; 1978, c. 75; 1992, c. 693.</p>
8.4|COMMERCIAL CODE — BANK DEPOSITS AND COLLECTIONS|||4|RELATIONSHIP BETWEEN PAYOR BANK AND ITS CUSTOMER|||||||§ 8.4-407|Payor bank's right to subrogation on improper payment.|<p>If a payor bank has paid an item over the order of the drawer or maker to stop payment, or after an account has been closed or otherwise under circumstances giving a basis for objection by the drawer or maker, to prevent unjust enrichment and only to the extent necessary to prevent loss to the bank by reason of its payment of the item, the payor bank is subrogated to the rights:</p><p>(1) of any holder in due course on the item against the drawer or maker;</p><p>(2) of the payee or any other holder of the item against the drawer or maker either on the item or under the transaction out of which the item arose; and</p><p>(3) of the drawer or maker against the payee or any other holder of the item with respect to the transaction out of which the item arose.</p><p>1964, c. 219; 1992, c. 693.</p>
8.4|COMMERCIAL CODE — BANK DEPOSITS AND COLLECTIONS|||5|COLLECTION OF DOCUMENTARY DRAFTS|||||||§ 8.4-501|Handling of documentary drafts; duty to send for presentment and to notify customer of dishonor.|<p>A bank that takes a documentary draft for collection shall present or send the draft and accompanying documents for presentment and upon learning that the draft has not been paid or accepted in due course shall seasonably notify its customer of the fact even though it may have discounted or bought the draft or extended credit available for withdrawal as of right.</p><p>1964, c. 219; 1992, c. 693.</p>
8.4|COMMERCIAL CODE — BANK DEPOSITS AND COLLECTIONS|||5|COLLECTION OF DOCUMENTARY DRAFTS|||||||§ 8.4-502|Presentment of "on arrival" drafts.|<p>If a draft or the relevant instructions require presentment "on arrival," "when goods arrive" or the like, the collecting bank need not present until in its judgment a reasonable time for arrival of the goods has expired. Refusal to pay or accept because the goods have not arrived is not dishonor; the bank must notify its transferor of the refusal but need not present the draft again until it is instructed to do so or learns of the arrival of the goods.</p><p>1964, c. 219; 1992, c. 693.</p>
8.4|COMMERCIAL CODE — BANK DEPOSITS AND COLLECTIONS|||5|COLLECTION OF DOCUMENTARY DRAFTS|||||||§ 8.4-503|Responsibility of presenting bank for documents and goods; report of reasons for dishonor; referee in case of need.|<p>Unless otherwise instructed and except as provided in Title 8.5A, a bank presenting a documentary draft:</p><p>(1) must deliver the documents to the drawee on acceptance of the draft if it is payable more than three days after presentment; otherwise, only on payment; and</p><p>(2) upon dishonor, either in the case of presentment for acceptance or presentment for payment, may seek and follow instructions from any referee in case of need designated in the draft or if the presenting bank does not choose to utilize the referee's services, it must use diligence and good faith to ascertain the reason for dishonor, must notify its transferor of the dishonor and of the results of its effort to ascertain the reasons therefor and must request instructions.</p><p>However, the presenting bank is under no obligation with respect to goods represented by the documents except to follow any reasonable instructions seasonably received; it has a right to reimbursement for any expense incurred in following instructions and to prepayment of or indemnity for those expenses.</p><p>1964, c. 219; 1992, c. 693.</p>
8.4|COMMERCIAL CODE — BANK DEPOSITS AND COLLECTIONS|||5|COLLECTION OF DOCUMENTARY DRAFTS|||||||§ 8.4-504|Privilege of presenting bank to deal with goods; security interest for expenses.|<p>(a) A presenting bank that, following the dishonor of a documentary draft, has seasonably requested instructions but does not receive them within a reasonable time may store, sell, or otherwise deal with the goods in any reasonable manner.</p><p>(b) For its reasonable expenses incurred by action under subsection (a), the presenting bank has a lien upon the goods or their proceeds, which may be foreclosed in the same manner as an unpaid seller's lien.</p><p>1964, c. 219; 1992, c. 693.</p>
